{
  "nodes": [
    {
      "op": "null", 
      "name": "data", 
      "inputs": []
    }, 
    {
      "op": "null", 
      "name": "convolution0_weight", 
      "attrs": {
        "kernel": "(3, 3)", 
        "num_filter": "96", 
        "pad": "(1, 1)", 
        "stride": "(1, 1)", 
        "workspace": "256"
      }, 
      "inputs": []
    }, 
    {
      "op": "null", 
      "name": "convolution0_bias", 
      "attrs": {
        "kernel": "(3, 3)", 
        "num_filter": "96", 
        "pad": "(1, 1)", 
        "stride": "(1, 1)", 
        "workspace": "256"
      }, 
      "inputs": []
    }, 
    {
      "op": "Convolution", 
      "name": "convolution0", 
      "attrs": {
        "kernel": "(3, 3)", 
        "num_filter": "96", 
        "pad": "(1, 1)", 
        "stride": "(1, 1)", 
        "workspace": "256"
      }, 
      "inputs": [[0, 0, 0], [1, 0, 0], [2, 0, 0]]
    }, 
    {
      "op": "null", 
      "name": "batchnorm0_gamma", 
      "inputs": []
    }, 
    {
      "op": "null", 
      "name": "batchnorm0_beta", 
      "inputs": []
    }, 
    {
      "op": "null", 
      "name": "batchnorm0_moving_mean", 
      "attrs": {"__init__": "[\"zero\", {}]"}, 
      "inputs": []
    }, 
    {
      "op": "null", 
      "name": "batchnorm0_moving_var", 
      "attrs": {"__init__": "[\"one\", {}]"}, 
      "inputs": []
    }, 
    {
      "op": "BatchNorm", 
      "name": "batchnorm0", 
      "inputs": [[3, 0, 0], [4, 0, 0], [5, 0, 0], [6, 0, 1], [7, 0, 1]]
    }, 
    {
      "op": "Activation", 
      "name": "activation0", 
      "attrs": {"act_type": "relu"}, 
      "inputs": [[8, 0, 0]]
    }, 
    {
      "op": "null", 
      "name": "convolution1_weight", 
      "attrs": {
        "kernel": "(1, 1)", 
        "num_filter": "32", 
        "pad": "(0, 0)", 
        "stride": "(1, 1)", 
        "workspace": "256"
      }, 
      "inputs": []
    }, 
    {
      "op": "null", 
      "name": "convolution1_bias", 
      "attrs": {
        "kernel": "(1, 1)", 
        "num_filter": "32", 
        "pad": "(0, 0)", 
        "stride": "(1, 1)", 
        "workspace": "256"
      }, 
      "inputs": []
    }, 
    {
      "op": "Convolution", 
      "name": "convolution1", 
      "attrs": {
        "kernel": "(1, 1)", 
        "num_filter": "32", 
        "pad": "(0, 0)", 
        "stride": "(1, 1)", 
        "workspace": "256"
      }, 
      "inputs": [[9, 0, 0], [10, 0, 0], [11, 0, 0]]
    }, 
    {
      "op": "null", 
      "name": "batchnorm1_gamma", 
      "inputs": []
    }, 
    {
      "op": "null", 
      "name": "batchnorm1_beta", 
      "inputs": []
    }, 
    {
      "op": "null", 
      "name": "batchnorm1_moving_mean", 
      "attrs": {"__init__": "[\"zero\", {}]"}, 
      "inputs": []
    }, 
    {
      "op": "null", 
      "name": "batchnorm1_moving_var", 
      "attrs": {"__init__": "[\"one\", {}]"}, 
      "inputs": []
    }, 
    {
      "op": "BatchNorm", 
      "name": "batchnorm1", 
      "inputs": [[12, 0, 0], [13, 0, 0], [14, 0, 0], [15, 0, 1], [16, 0, 1]]
    }, 
    {
      "op": "Activation", 
      "name": "activation1", 
      "attrs": {"act_type": "relu"}, 
      "inputs": [[17, 0, 0]]
    }, 
    {
      "op": "null", 
      "name": "convolution2_weight", 
      "attrs": {
        "kernel": "(3, 3)", 
        "num_filter": "32", 
        "pad": "(1, 1)", 
        "stride": "(1, 1)", 
        "workspace": "256"
      }, 
      "inputs": []
    }, 
    {
      "op": "null", 
      "name": "convolution2_bias", 
      "attrs": {
        "kernel": "(3, 3)", 
        "num_filter": "32", 
        "pad": "(1, 1)", 
        "stride": "(1, 1)", 
        "workspace": "256"
      }, 
      "inputs": []
    }, 
    {
      "op": "Convolution", 
      "name": "convolution2", 
      "attrs": {
        "kernel": "(3, 3)", 
        "num_filter": "32", 
        "pad": "(1, 1)", 
        "stride": "(1, 1)", 
        "workspace": "256"
      }, 
      "inputs": [[9, 0, 0], [19, 0, 0], [20, 0, 0]]
    }, 
    {
      "op": "null", 
      "name": "batchnorm2_gamma", 
      "inputs": []
    }, 
    {
      "op": "null", 
      "name": "batchnorm2_beta", 
      "inputs": []
    }, 
    {
      "op": "null", 
      "name": "batchnorm2_moving_mean", 
      "attrs": {"__init__": "[\"zero\", {}]"}, 
      "inputs": []
    }, 
    {
      "op": "null", 
      "name": "batchnorm2_moving_var", 
      "attrs": {"__init__": "[\"one\", {}]"}, 
      "inputs": []
    }, 
    {
      "op": "BatchNorm", 
      "name": "batchnorm2", 
      "inputs": [[21, 0, 0], [22, 0, 0], [23, 0, 0], [24, 0, 1], [25, 0, 1]]
    }, 
    {
      "op": "Activation", 
      "name": "activation2", 
      "attrs": {"act_type": "relu"}, 
      "inputs": [[26, 0, 0]]
    }, 
    {
      "op": "Concat", 
      "name": "concat0", 
      "attrs": {"num_args": "2"}, 
      "inputs": [[18, 0, 0], [27, 0, 0]]
    }, 
    {
      "op": "null", 
      "name": "convolution3_weight", 
      "attrs": {
        "kernel": "(1, 1)", 
        "num_filter": "32", 
        "pad": "(0, 0)", 
        "stride": "(1, 1)", 
        "workspace": "256"
      }, 
      "inputs": []
    }, 
    {
      "op": "null", 
      "name": "convolution3_bias", 
      "attrs": {
        "kernel": "(1, 1)", 
        "num_filter": "32", 
        "pad": "(0, 0)", 
        "stride": "(1, 1)", 
        "workspace": "256"
      }, 
      "inputs": []
    }, 
    {
      "op": "Convolution", 
      "name": "convolution3", 
      "attrs": {
        "kernel": "(1, 1)", 
        "num_filter": "32", 
        "pad": "(0, 0)", 
        "stride": "(1, 1)", 
        "workspace": "256"
      }, 
      "inputs": [[28, 0, 0], [29, 0, 0], [30, 0, 0]]
    }, 
    {
      "op": "null", 
      "name": "batchnorm3_gamma", 
      "inputs": []
    }, 
    {
      "op": "null", 
      "name": "batchnorm3_beta", 
      "inputs": []
    }, 
    {
      "op": "null", 
      "name": "batchnorm3_moving_mean", 
      "attrs": {"__init__": "[\"zero\", {}]"}, 
      "inputs": []
    }, 
    {
      "op": "null", 
      "name": "batchnorm3_moving_var", 
      "attrs": {"__init__": "[\"one\", {}]"}, 
      "inputs": []
    }, 
    {
      "op": "BatchNorm", 
      "name": "batchnorm3", 
      "inputs": [[31, 0, 0], [32, 0, 0], [33, 0, 0], [34, 0, 1], [35, 0, 1]]
    }, 
    {
      "op": "Activation", 
      "name": "activation3", 
      "attrs": {"act_type": "relu"}, 
      "inputs": [[36, 0, 0]]
    }, 
    {
      "op": "null", 
      "name": "convolution4_weight", 
      "attrs": {
        "kernel": "(3, 3)", 
        "num_filter": "48", 
        "pad": "(1, 1)", 
        "stride": "(1, 1)", 
        "workspace": "256"
      }, 
      "inputs": []
    }, 
    {
      "op": "null", 
      "name": "convolution4_bias", 
      "attrs": {
        "kernel": "(3, 3)", 
        "num_filter": "48", 
        "pad": "(1, 1)", 
        "stride": "(1, 1)", 
        "workspace": "256"
      }, 
      "inputs": []
    }, 
    {
      "op": "Convolution", 
      "name": "convolution4", 
      "attrs": {
        "kernel": "(3, 3)", 
        "num_filter": "48", 
        "pad": "(1, 1)", 
        "stride": "(1, 1)", 
        "workspace": "256"
      }, 
      "inputs": [[28, 0, 0], [38, 0, 0], [39, 0, 0]]
    }, 
    {
      "op": "null", 
      "name": "batchnorm4_gamma", 
      "inputs": []
    }, 
    {
      "op": "null", 
      "name": "batchnorm4_beta", 
      "inputs": []
    }, 
    {
      "op": "null", 
      "name": "batchnorm4_moving_mean", 
      "attrs": {"__init__": "[\"zero\", {}]"}, 
      "inputs": []
    }, 
    {
      "op": "null", 
      "name": "batchnorm4_moving_var", 
      "attrs": {"__init__": "[\"one\", {}]"}, 
      "inputs": []
    }, 
    {
      "op": "BatchNorm", 
      "name": "batchnorm4", 
      "inputs": [[40, 0, 0], [41, 0, 0], [42, 0, 0], [43, 0, 1], [44, 0, 1]]
    }, 
    {
      "op": "Activation", 
      "name": "activation4", 
      "attrs": {"act_type": "relu"}, 
      "inputs": [[45, 0, 0]]
    }, 
    {
      "op": "Concat", 
      "name": "concat1", 
      "attrs": {"num_args": "2"}, 
      "inputs": [[37, 0, 0], [46, 0, 0]]
    }, 
    {
      "op": "null", 
      "name": "convolution5_weight", 
      "attrs": {
        "kernel": "(3, 3)", 
        "num_filter": "80", 
        "pad": "(1, 1)", 
        "stride": "(2, 2)", 
        "workspace": "256"
      }, 
      "inputs": []
    }, 
    {
      "op": "null", 
      "name": "convolution5_bias", 
      "attrs": {
        "kernel": "(3, 3)", 
        "num_filter": "80", 
        "pad": "(1, 1)", 
        "stride": "(2, 2)", 
        "workspace": "256"
      }, 
      "inputs": []
    }, 
    {
      "op": "Convolution", 
      "name": "convolution5", 
      "attrs": {
        "kernel": "(3, 3)", 
        "num_filter": "80", 
        "pad": "(1, 1)", 
        "stride": "(2, 2)", 
        "workspace": "256"
      }, 
      "inputs": [[47, 0, 0], [48, 0, 0], [49, 0, 0]]
    }, 
    {
      "op": "null", 
      "name": "batchnorm5_gamma", 
      "inputs": []
    }, 
    {
      "op": "null", 
      "name": "batchnorm5_beta", 
      "inputs": []
    }, 
    {
      "op": "null", 
      "name": "batchnorm5_moving_mean", 
      "attrs": {"__init__": "[\"zero\", {}]"}, 
      "inputs": []
    }, 
    {
      "op": "null", 
      "name": "batchnorm5_moving_var", 
      "attrs": {"__init__": "[\"one\", {}]"}, 
      "inputs": []
    }, 
    {
      "op": "BatchNorm", 
      "name": "batchnorm5", 
      "inputs": [[50, 0, 0], [51, 0, 0], [52, 0, 0], [53, 0, 1], [54, 0, 1]]
    }, 
    {
      "op": "Activation", 
      "name": "activation5", 
      "attrs": {"act_type": "relu"}, 
      "inputs": [[55, 0, 0]]
    }, 
    {
      "op": "Pooling", 
      "name": "pooling0", 
      "attrs": {
        "kernel": "(3, 3)", 
        "pad": "(1, 1)", 
        "pool_type": "max", 
        "stride": "(2, 2)"
      }, 
      "inputs": [[47, 0, 0]]
    }, 
    {
      "op": "Concat", 
      "name": "concat2", 
      "attrs": {"num_args": "2"}, 
      "inputs": [[56, 0, 0], [57, 0, 0]]
    }, 
    {
      "op": "null", 
      "name": "convolution6_weight", 
      "attrs": {
        "kernel": "(1, 1)", 
        "num_filter": "112", 
        "pad": "(0, 0)", 
        "stride": "(1, 1)", 
        "workspace": "256"
      }, 
      "inputs": []
    }, 
    {
      "op": "null", 
      "name": "convolution6_bias", 
      "attrs": {
        "kernel": "(1, 1)", 
        "num_filter": "112", 
        "pad": "(0, 0)", 
        "stride": "(1, 1)", 
        "workspace": "256"
      }, 
      "inputs": []
    }, 
    {
      "op": "Convolution", 
      "name": "convolution6", 
      "attrs": {
        "kernel": "(1, 1)", 
        "num_filter": "112", 
        "pad": "(0, 0)", 
        "stride": "(1, 1)", 
        "workspace": "256"
      }, 
      "inputs": [[58, 0, 0], [59, 0, 0], [60, 0, 0]]
    }, 
    {
      "op": "null", 
      "name": "batchnorm6_gamma", 
      "inputs": []
    }, 
    {
      "op": "null", 
      "name": "batchnorm6_beta", 
      "inputs": []
    }, 
    {
      "op": "null", 
      "name": "batchnorm6_moving_mean", 
      "attrs": {"__init__": "[\"zero\", {}]"}, 
      "inputs": []
    }, 
    {
      "op": "null", 
      "name": "batchnorm6_moving_var", 
      "attrs": {"__init__": "[\"one\", {}]"}, 
      "inputs": []
    }, 
    {
      "op": "BatchNorm", 
      "name": "batchnorm6", 
      "inputs": [[61, 0, 0], [62, 0, 0], [63, 0, 0], [64, 0, 1], [65, 0, 1]]
    }, 
    {
      "op": "Activation", 
      "name": "activation6", 
      "attrs": {"act_type": "relu"}, 
      "inputs": [[66, 0, 0]]
    }, 
    {
      "op": "null", 
      "name": "convolution7_weight", 
      "attrs": {
        "kernel": "(3, 3)", 
        "num_filter": "48", 
        "pad": "(1, 1)", 
        "stride": "(1, 1)", 
        "workspace": "256"
      }, 
      "inputs": []
    }, 
    {
      "op": "null", 
      "name": "convolution7_bias", 
      "attrs": {
        "kernel": "(3, 3)", 
        "num_filter": "48", 
        "pad": "(1, 1)", 
        "stride": "(1, 1)", 
        "workspace": "256"
      }, 
      "inputs": []
    }, 
    {
      "op": "Convolution", 
      "name": "convolution7", 
      "attrs": {
        "kernel": "(3, 3)", 
        "num_filter": "48", 
        "pad": "(1, 1)", 
        "stride": "(1, 1)", 
        "workspace": "256"
      }, 
      "inputs": [[58, 0, 0], [68, 0, 0], [69, 0, 0]]
    }, 
    {
      "op": "null", 
      "name": "batchnorm7_gamma", 
      "inputs": []
    }, 
    {
      "op": "null", 
      "name": "batchnorm7_beta", 
      "inputs": []
    }, 
    {
      "op": "null", 
      "name": "batchnorm7_moving_mean", 
      "attrs": {"__init__": "[\"zero\", {}]"}, 
      "inputs": []
    }, 
    {
      "op": "null", 
      "name": "batchnorm7_moving_var", 
      "attrs": {"__init__": "[\"one\", {}]"}, 
      "inputs": []
    }, 
    {
      "op": "BatchNorm", 
      "name": "batchnorm7", 
      "inputs": [[70, 0, 0], [71, 0, 0], [72, 0, 0], [73, 0, 1], [74, 0, 1]]
    }, 
    {
      "op": "Activation", 
      "name": "activation7", 
      "attrs": {"act_type": "relu"}, 
      "inputs": [[75, 0, 0]]
    }, 
    {
      "op": "Concat", 
      "name": "concat3", 
      "attrs": {"num_args": "2"}, 
      "inputs": [[67, 0, 0], [76, 0, 0]]
    }, 
    {
      "op": "null", 
      "name": "convolution8_weight", 
      "attrs": {
        "kernel": "(1, 1)", 
        "num_filter": "96", 
        "pad": "(0, 0)", 
        "stride": "(1, 1)", 
        "workspace": "256"
      }, 
      "inputs": []
    }, 
    {
      "op": "null", 
      "name": "convolution8_bias", 
      "attrs": {
        "kernel": "(1, 1)", 
        "num_filter": "96", 
        "pad": "(0, 0)", 
        "stride": "(1, 1)", 
        "workspace": "256"
      }, 
      "inputs": []
    }, 
    {
      "op": "Convolution", 
      "name": "convolution8", 
      "attrs": {
        "kernel": "(1, 1)", 
        "num_filter": "96", 
        "pad": "(0, 0)", 
        "stride": "(1, 1)", 
        "workspace": "256"
      }, 
      "inputs": [[77, 0, 0], [78, 0, 0], [79, 0, 0]]
    }, 
    {
      "op": "null", 
      "name": "batchnorm8_gamma", 
      "inputs": []
    }, 
    {
      "op": "null", 
      "name": "batchnorm8_beta", 
      "inputs": []
    }, 
    {
      "op": "null", 
      "name": "batchnorm8_moving_mean", 
      "attrs": {"__init__": "[\"zero\", {}]"}, 
      "inputs": []
    }, 
    {
      "op": "null", 
      "name": "batchnorm8_moving_var", 
      "attrs": {"__init__": "[\"one\", {}]"}, 
      "inputs": []
    }, 
    {
      "op": "BatchNorm", 
      "name": "batchnorm8", 
      "inputs": [[80, 0, 0], [81, 0, 0], [82, 0, 0], [83, 0, 1], [84, 0, 1]]
    }, 
    {
      "op": "Activation", 
      "name": "activation8", 
      "attrs": {"act_type": "relu"}, 
      "inputs": [[85, 0, 0]]
    }, 
    {
      "op": "null", 
      "name": "convolution9_weight", 
      "attrs": {
        "kernel": "(3, 3)", 
        "num_filter": "64", 
        "pad": "(1, 1)", 
        "stride": "(1, 1)", 
        "workspace": "256"
      }, 
      "inputs": []
    }, 
    {
      "op": "null", 
      "name": "convolution9_bias", 
      "attrs": {
        "kernel": "(3, 3)", 
        "num_filter": "64", 
        "pad": "(1, 1)", 
        "stride": "(1, 1)", 
        "workspace": "256"
      }, 
      "inputs": []
    }, 
    {
      "op": "Convolution", 
      "name": "convolution9", 
      "attrs": {
        "kernel": "(3, 3)", 
        "num_filter": "64", 
        "pad": "(1, 1)", 
        "stride": "(1, 1)", 
        "workspace": "256"
      }, 
      "inputs": [[77, 0, 0], [87, 0, 0], [88, 0, 0]]
    }, 
    {
      "op": "null", 
      "name": "batchnorm9_gamma", 
      "inputs": []
    }, 
    {
      "op": "null", 
      "name": "batchnorm9_beta", 
      "inputs": []
    }, 
    {
      "op": "null", 
      "name": "batchnorm9_moving_mean", 
      "attrs": {"__init__": "[\"zero\", {}]"}, 
      "inputs": []
    }, 
    {
      "op": "null", 
      "name": "batchnorm9_moving_var", 
      "attrs": {"__init__": "[\"one\", {}]"}, 
      "inputs": []
    }, 
    {
      "op": "BatchNorm", 
      "name": "batchnorm9", 
      "inputs": [[89, 0, 0], [90, 0, 0], [91, 0, 0], [92, 0, 1], [93, 0, 1]]
    }, 
    {
      "op": "Activation", 
      "name": "activation9", 
      "attrs": {"act_type": "relu"}, 
      "inputs": [[94, 0, 0]]
    }, 
    {
      "op": "Concat", 
      "name": "concat4", 
      "attrs": {"num_args": "2"}, 
      "inputs": [[86, 0, 0], [95, 0, 0]]
    }, 
    {
      "op": "null", 
      "name": "convolution10_weight", 
      "attrs": {
        "kernel": "(1, 1)", 
        "num_filter": "80", 
        "pad": "(0, 0)", 
        "stride": "(1, 1)", 
        "workspace": "256"
      }, 
      "inputs": []
    }, 
    {
      "op": "null", 
      "name": "convolution10_bias", 
      "attrs": {
        "kernel": "(1, 1)", 
        "num_filter": "80", 
        "pad": "(0, 0)", 
        "stride": "(1, 1)", 
        "workspace": "256"
      }, 
      "inputs": []
    }, 
    {
      "op": "Convolution", 
      "name": "convolution10", 
      "attrs": {
        "kernel": "(1, 1)", 
        "num_filter": "80", 
        "pad": "(0, 0)", 
        "stride": "(1, 1)", 
        "workspace": "256"
      }, 
      "inputs": [[96, 0, 0], [97, 0, 0], [98, 0, 0]]
    }, 
    {
      "op": "null", 
      "name": "batchnorm10_gamma", 
      "inputs": []
    }, 
    {
      "op": "null", 
      "name": "batchnorm10_beta", 
      "inputs": []
    }, 
    {
      "op": "null", 
      "name": "batchnorm10_moving_mean", 
      "attrs": {"__init__": "[\"zero\", {}]"}, 
      "inputs": []
    }, 
    {
      "op": "null", 
      "name": "batchnorm10_moving_var", 
      "attrs": {"__init__": "[\"one\", {}]"}, 
      "inputs": []
    }, 
    {
      "op": "BatchNorm", 
      "name": "batchnorm10", 
      "inputs": [[99, 0, 0], [100, 0, 0], [101, 0, 0], [102, 0, 1], [103, 0, 1]]
    }, 
    {
      "op": "Activation", 
      "name": "activation10", 
      "attrs": {"act_type": "relu"}, 
      "inputs": [[104, 0, 0]]
    }, 
    {
      "op": "null", 
      "name": "convolution11_weight", 
      "attrs": {
        "kernel": "(3, 3)", 
        "num_filter": "80", 
        "pad": "(1, 1)", 
        "stride": "(1, 1)", 
        "workspace": "256"
      }, 
      "inputs": []
    }, 
    {
      "op": "null", 
      "name": "convolution11_bias", 
      "attrs": {
        "kernel": "(3, 3)", 
        "num_filter": "80", 
        "pad": "(1, 1)", 
        "stride": "(1, 1)", 
        "workspace": "256"
      }, 
      "inputs": []
    }, 
    {
      "op": "Convolution", 
      "name": "convolution11", 
      "attrs": {
        "kernel": "(3, 3)", 
        "num_filter": "80", 
        "pad": "(1, 1)", 
        "stride": "(1, 1)", 
        "workspace": "256"
      }, 
      "inputs": [[96, 0, 0], [106, 0, 0], [107, 0, 0]]
    }, 
    {
      "op": "null", 
      "name": "batchnorm11_gamma", 
      "inputs": []
    }, 
    {
      "op": "null", 
      "name": "batchnorm11_beta", 
      "inputs": []
    }, 
    {
      "op": "null", 
      "name": "batchnorm11_moving_mean", 
      "attrs": {"__init__": "[\"zero\", {}]"}, 
      "inputs": []
    }, 
    {
      "op": "null", 
      "name": "batchnorm11_moving_var", 
      "attrs": {"__init__": "[\"one\", {}]"}, 
      "inputs": []
    }, 
    {
      "op": "BatchNorm", 
      "name": "batchnorm11", 
      "inputs": [[108, 0, 0], [109, 0, 0], [110, 0, 0], [111, 0, 1], [112, 0, 1]]
    }, 
    {
      "op": "Activation", 
      "name": "activation11", 
      "attrs": {"act_type": "relu"}, 
      "inputs": [[113, 0, 0]]
    }, 
    {
      "op": "Concat", 
      "name": "concat5", 
      "attrs": {"num_args": "2"}, 
      "inputs": [[105, 0, 0], [114, 0, 0]]
    }, 
    {
      "op": "null", 
      "name": "convolution12_weight", 
      "attrs": {
        "kernel": "(1, 1)", 
        "num_filter": "48", 
        "pad": "(0, 0)", 
        "stride": "(1, 1)", 
        "workspace": "256"
      }, 
      "inputs": []
    }, 
    {
      "op": "null", 
      "name": "convolution12_bias", 
      "attrs": {
        "kernel": "(1, 1)", 
        "num_filter": "48", 
        "pad": "(0, 0)", 
        "stride": "(1, 1)", 
        "workspace": "256"
      }, 
      "inputs": []
    }, 
    {
      "op": "Convolution", 
      "name": "convolution12", 
      "attrs": {
        "kernel": "(1, 1)", 
        "num_filter": "48", 
        "pad": "(0, 0)", 
        "stride": "(1, 1)", 
        "workspace": "256"
      }, 
      "inputs": [[115, 0, 0], [116, 0, 0], [117, 0, 0]]
    }, 
    {
      "op": "null", 
      "name": "batchnorm12_gamma", 
      "inputs": []
    }, 
    {
      "op": "null", 
      "name": "batchnorm12_beta", 
      "inputs": []
    }, 
    {
      "op": "null", 
      "name": "batchnorm12_moving_mean", 
      "attrs": {"__init__": "[\"zero\", {}]"}, 
      "inputs": []
    }, 
    {
      "op": "null", 
      "name": "batchnorm12_moving_var", 
      "attrs": {"__init__": "[\"one\", {}]"}, 
      "inputs": []
    }, 
    {
      "op": "BatchNorm", 
      "name": "batchnorm12", 
      "inputs": [[118, 0, 0], [119, 0, 0], [120, 0, 0], [121, 0, 1], [122, 0, 1]]
    }, 
    {
      "op": "Activation", 
      "name": "activation12", 
      "attrs": {"act_type": "relu"}, 
      "inputs": [[123, 0, 0]]
    }, 
    {
      "op": "null", 
      "name": "convolution13_weight", 
      "attrs": {
        "kernel": "(3, 3)", 
        "num_filter": "96", 
        "pad": "(1, 1)", 
        "stride": "(1, 1)", 
        "workspace": "256"
      }, 
      "inputs": []
    }, 
    {
      "op": "null", 
      "name": "convolution13_bias", 
      "attrs": {
        "kernel": "(3, 3)", 
        "num_filter": "96", 
        "pad": "(1, 1)", 
        "stride": "(1, 1)", 
        "workspace": "256"
      }, 
      "inputs": []
    }, 
    {
      "op": "Convolution", 
      "name": "convolution13", 
      "attrs": {
        "kernel": "(3, 3)", 
        "num_filter": "96", 
        "pad": "(1, 1)", 
        "stride": "(1, 1)", 
        "workspace": "256"
      }, 
      "inputs": [[115, 0, 0], [125, 0, 0], [126, 0, 0]]
    }, 
    {
      "op": "null", 
      "name": "batchnorm13_gamma", 
      "inputs": []
    }, 
    {
      "op": "null", 
      "name": "batchnorm13_beta", 
      "inputs": []
    }, 
    {
      "op": "null", 
      "name": "batchnorm13_moving_mean", 
      "attrs": {"__init__": "[\"zero\", {}]"}, 
      "inputs": []
    }, 
    {
      "op": "null", 
      "name": "batchnorm13_moving_var", 
      "attrs": {"__init__": "[\"one\", {}]"}, 
      "inputs": []
    }, 
    {
      "op": "BatchNorm", 
      "name": "batchnorm13", 
      "inputs": [[127, 0, 0], [128, 0, 0], [129, 0, 0], [130, 0, 1], [131, 0, 1]]
    }, 
    {
      "op": "Activation", 
      "name": "activation13", 
      "attrs": {"act_type": "relu"}, 
      "inputs": [[132, 0, 0]]
    }, 
    {
      "op": "Concat", 
      "name": "concat6", 
      "attrs": {"num_args": "2"}, 
      "inputs": [[124, 0, 0], [133, 0, 0]]
    }, 
    {
      "op": "null", 
      "name": "convolution14_weight", 
      "attrs": {
        "kernel": "(3, 3)", 
        "num_filter": "96", 
        "pad": "(1, 1)", 
        "stride": "(2, 2)", 
        "workspace": "256"
      }, 
      "inputs": []
    }, 
    {
      "op": "null", 
      "name": "convolution14_bias", 
      "attrs": {
        "kernel": "(3, 3)", 
        "num_filter": "96", 
        "pad": "(1, 1)", 
        "stride": "(2, 2)", 
        "workspace": "256"
      }, 
      "inputs": []
    }, 
    {
      "op": "Convolution", 
      "name": "convolution14", 
      "attrs": {
        "kernel": "(3, 3)", 
        "num_filter": "96", 
        "pad": "(1, 1)", 
        "stride": "(2, 2)", 
        "workspace": "256"
      }, 
      "inputs": [[134, 0, 0], [135, 0, 0], [136, 0, 0]]
    }, 
    {
      "op": "null", 
      "name": "batchnorm14_gamma", 
      "inputs": []
    }, 
    {
      "op": "null", 
      "name": "batchnorm14_beta", 
      "inputs": []
    }, 
    {
      "op": "null", 
      "name": "batchnorm14_moving_mean", 
      "attrs": {"__init__": "[\"zero\", {}]"}, 
      "inputs": []
    }, 
    {
      "op": "null", 
      "name": "batchnorm14_moving_var", 
      "attrs": {"__init__": "[\"one\", {}]"}, 
      "inputs": []
    }, 
    {
      "op": "BatchNorm", 
      "name": "batchnorm14", 
      "inputs": [[137, 0, 0], [138, 0, 0], [139, 0, 0], [140, 0, 1], [141, 0, 1]]
    }, 
    {
      "op": "Activation", 
      "name": "activation14", 
      "attrs": {"act_type": "relu"}, 
      "inputs": [[142, 0, 0]]
    }, 
    {
      "op": "Pooling", 
      "name": "pooling1", 
      "attrs": {
        "kernel": "(3, 3)", 
        "pad": "(1, 1)", 
        "pool_type": "max", 
        "stride": "(2, 2)"
      }, 
      "inputs": [[134, 0, 0]]
    }, 
    {
      "op": "Concat", 
      "name": "concat7", 
      "attrs": {"num_args": "2"}, 
      "inputs": [[143, 0, 0], [144, 0, 0]]
    }, 
    {
      "op": "null", 
      "name": "convolution15_weight", 
      "attrs": {
        "kernel": "(1, 1)", 
        "num_filter": "176", 
        "pad": "(0, 0)", 
        "stride": "(1, 1)", 
        "workspace": "256"
      }, 
      "inputs": []
    }, 
    {
      "op": "null", 
      "name": "convolution15_bias", 
      "attrs": {
        "kernel": "(1, 1)", 
        "num_filter": "176", 
        "pad": "(0, 0)", 
        "stride": "(1, 1)", 
        "workspace": "256"
      }, 
      "inputs": []
    }, 
    {
      "op": "Convolution", 
      "name": "convolution15", 
      "attrs": {
        "kernel": "(1, 1)", 
        "num_filter": "176", 
        "pad": "(0, 0)", 
        "stride": "(1, 1)", 
        "workspace": "256"
      }, 
      "inputs": [[145, 0, 0], [146, 0, 0], [147, 0, 0]]
    }, 
    {
      "op": "null", 
      "name": "batchnorm15_gamma", 
      "inputs": []
    }, 
    {
      "op": "null", 
      "name": "batchnorm15_beta", 
      "inputs": []
    }, 
    {
      "op": "null", 
      "name": "batchnorm15_moving_mean", 
      "attrs": {"__init__": "[\"zero\", {}]"}, 
      "inputs": []
    }, 
    {
      "op": "null", 
      "name": "batchnorm15_moving_var", 
      "attrs": {"__init__": "[\"one\", {}]"}, 
      "inputs": []
    }, 
    {
      "op": "BatchNorm", 
      "name": "batchnorm15", 
      "inputs": [[148, 0, 0], [149, 0, 0], [150, 0, 0], [151, 0, 1], [152, 0, 1]]
    }, 
    {
      "op": "Activation", 
      "name": "activation15", 
      "attrs": {"act_type": "relu"}, 
      "inputs": [[153, 0, 0]]
    }, 
    {
      "op": "null", 
      "name": "convolution16_weight", 
      "attrs": {
        "kernel": "(3, 3)", 
        "num_filter": "160", 
        "pad": "(1, 1)", 
        "stride": "(1, 1)", 
        "workspace": "256"
      }, 
      "inputs": []
    }, 
    {
      "op": "null", 
      "name": "convolution16_bias", 
      "attrs": {
        "kernel": "(3, 3)", 
        "num_filter": "160", 
        "pad": "(1, 1)", 
        "stride": "(1, 1)", 
        "workspace": "256"
      }, 
      "inputs": []
    }, 
    {
      "op": "Convolution", 
      "name": "convolution16", 
      "attrs": {
        "kernel": "(3, 3)", 
        "num_filter": "160", 
        "pad": "(1, 1)", 
        "stride": "(1, 1)", 
        "workspace": "256"
      }, 
      "inputs": [[145, 0, 0], [155, 0, 0], [156, 0, 0]]
    }, 
    {
      "op": "null", 
      "name": "batchnorm16_gamma", 
      "inputs": []
    }, 
    {
      "op": "null", 
      "name": "batchnorm16_beta", 
      "inputs": []
    }, 
    {
      "op": "null", 
      "name": "batchnorm16_moving_mean", 
      "attrs": {"__init__": "[\"zero\", {}]"}, 
      "inputs": []
    }, 
    {
      "op": "null", 
      "name": "batchnorm16_moving_var", 
      "attrs": {"__init__": "[\"one\", {}]"}, 
      "inputs": []
    }, 
    {
      "op": "BatchNorm", 
      "name": "batchnorm16", 
      "inputs": [[157, 0, 0], [158, 0, 0], [159, 0, 0], [160, 0, 1], [161, 0, 1]]
    }, 
    {
      "op": "Activation", 
      "name": "activation16", 
      "attrs": {"act_type": "relu"}, 
      "inputs": [[162, 0, 0]]
    }, 
    {
      "op": "Concat", 
      "name": "concat8", 
      "attrs": {"num_args": "2"}, 
      "inputs": [[154, 0, 0], [163, 0, 0]]
    }, 
    {
      "op": "null", 
      "name": "convolution17_weight", 
      "attrs": {
        "kernel": "(1, 1)", 
        "num_filter": "176", 
        "pad": "(0, 0)", 
        "stride": "(1, 1)", 
        "workspace": "256"
      }, 
      "inputs": []
    }, 
    {
      "op": "null", 
      "name": "convolution17_bias", 
      "attrs": {
        "kernel": "(1, 1)", 
        "num_filter": "176", 
        "pad": "(0, 0)", 
        "stride": "(1, 1)", 
        "workspace": "256"
      }, 
      "inputs": []
    }, 
    {
      "op": "Convolution", 
      "name": "convolution17", 
      "attrs": {
        "kernel": "(1, 1)", 
        "num_filter": "176", 
        "pad": "(0, 0)", 
        "stride": "(1, 1)", 
        "workspace": "256"
      }, 
      "inputs": [[164, 0, 0], [165, 0, 0], [166, 0, 0]]
    }, 
    {
      "op": "null", 
      "name": "batchnorm17_gamma", 
      "inputs": []
    }, 
    {
      "op": "null", 
      "name": "batchnorm17_beta", 
      "inputs": []
    }, 
    {
      "op": "null", 
      "name": "batchnorm17_moving_mean", 
      "attrs": {"__init__": "[\"zero\", {}]"}, 
      "inputs": []
    }, 
    {
      "op": "null", 
      "name": "batchnorm17_moving_var", 
      "attrs": {"__init__": "[\"one\", {}]"}, 
      "inputs": []
    }, 
    {
      "op": "BatchNorm", 
      "name": "batchnorm17", 
      "inputs": [[167, 0, 0], [168, 0, 0], [169, 0, 0], [170, 0, 1], [171, 0, 1]]
    }, 
    {
      "op": "Activation", 
      "name": "activation17", 
      "attrs": {"act_type": "relu"}, 
      "inputs": [[172, 0, 0]]
    }, 
    {
      "op": "null", 
      "name": "convolution18_weight", 
      "attrs": {
        "kernel": "(3, 3)", 
        "num_filter": "160", 
        "pad": "(1, 1)", 
        "stride": "(1, 1)", 
        "workspace": "256"
      }, 
      "inputs": []
    }, 
    {
      "op": "null", 
      "name": "convolution18_bias", 
      "attrs": {
        "kernel": "(3, 3)", 
        "num_filter": "160", 
        "pad": "(1, 1)", 
        "stride": "(1, 1)", 
        "workspace": "256"
      }, 
      "inputs": []
    }, 
    {
      "op": "Convolution", 
      "name": "convolution18", 
      "attrs": {
        "kernel": "(3, 3)", 
        "num_filter": "160", 
        "pad": "(1, 1)", 
        "stride": "(1, 1)", 
        "workspace": "256"
      }, 
      "inputs": [[164, 0, 0], [174, 0, 0], [175, 0, 0]]
    }, 
    {
      "op": "null", 
      "name": "batchnorm18_gamma", 
      "inputs": []
    }, 
    {
      "op": "null", 
      "name": "batchnorm18_beta", 
      "inputs": []
    }, 
    {
      "op": "null", 
      "name": "batchnorm18_moving_mean", 
      "attrs": {"__init__": "[\"zero\", {}]"}, 
      "inputs": []
    }, 
    {
      "op": "null", 
      "name": "batchnorm18_moving_var", 
      "attrs": {"__init__": "[\"one\", {}]"}, 
      "inputs": []
    }, 
    {
      "op": "BatchNorm", 
      "name": "batchnorm18", 
      "inputs": [[176, 0, 0], [177, 0, 0], [178, 0, 0], [179, 0, 1], [180, 0, 1]]
    }, 
    {
      "op": "Activation", 
      "name": "activation18", 
      "attrs": {"act_type": "relu"}, 
      "inputs": [[181, 0, 0]]
    }, 
    {
      "op": "Concat", 
      "name": "concat9", 
      "attrs": {"num_args": "2"}, 
      "inputs": [[173, 0, 0], [182, 0, 0]]
    }, 
    {
      "op": "Pooling", 
      "name": "global_avg", 
      "attrs": {
        "kernel": "(7, 7)", 
        "pool_type": "avg"
      }, 
      "inputs": [[183, 0, 0]]
    }, 
    {
      "op": "Flatten", 
      "name": "flatten0", 
      "inputs": [[184, 0, 0]]
    }, 
    {
      "op": "null", 
      "name": "fullyconnected0_weight", 
      "attrs": {"num_hidden": "10"}, 
      "inputs": []
    }, 
    {
      "op": "null", 
      "name": "fullyconnected0_bias", 
      "attrs": {"num_hidden": "10"}, 
      "inputs": []
    }, 
    {
      "op": "FullyConnected", 
      "name": "fullyconnected0", 
      "attrs": {"num_hidden": "10"}, 
      "inputs": [[185, 0, 0], [186, 0, 0], [187, 0, 0]]
    }, 
    {
      "op": "null", 
      "name": "softmax_label", 
      "inputs": []
    }, 
    {
      "op": "SoftmaxOutput", 
      "name": "softmax", 
      "inputs": [[188, 0, 0], [189, 0, 0]]
    }
  ], 
  "arg_nodes": [
    0, 
    1, 
    2, 
    4, 
    5, 
    6, 
    7, 
    10, 
    11, 
    13, 
    14, 
    15, 
    16, 
    19, 
    20, 
    22, 
    23, 
    24, 
    25, 
    29, 
    30, 
    32, 
    33, 
    34, 
    35, 
    38, 
    39, 
    41, 
    42, 
    43, 
    44, 
    48, 
    49, 
    51, 
    52, 
    53, 
    54, 
    59, 
    60, 
    62, 
    63, 
    64, 
    65, 
    68, 
    69, 
    71, 
    72, 
    73, 
    74, 
    78, 
    79, 
    81, 
    82, 
    83, 
    84, 
    87, 
    88, 
    90, 
    91, 
    92, 
    93, 
    97, 
    98, 
    100, 
    101, 
    102, 
    103, 
    106, 
    107, 
    109, 
    110, 
    111, 
    112, 
    116, 
    117, 
    119, 
    120, 
    121, 
    122, 
    125, 
    126, 
    128, 
    129, 
    130, 
    131, 
    135, 
    136, 
    138, 
    139, 
    140, 
    141, 
    146, 
    147, 
    149, 
    150, 
    151, 
    152, 
    155, 
    156, 
    158, 
    159, 
    160, 
    161, 
    165, 
    166, 
    168, 
    169, 
    170, 
    171, 
    174, 
    175, 
    177, 
    178, 
    179, 
    180, 
    186, 
    187, 
    189
  ], 
  "node_row_ptr": [
    0, 
    1, 
    2, 
    3, 
    4, 
    5, 
    6, 
    7, 
    8, 
    11, 
    12, 
    13, 
    14, 
    15, 
    16, 
    17, 
    18, 
    19, 
    22, 
    23, 
    24, 
    25, 
    26, 
    27, 
    28, 
    29, 
    30, 
    33, 
    34, 
    35, 
    36, 
    37, 
    38, 
    39, 
    40, 
    41, 
    42, 
    45, 
    46, 
    47, 
    48, 
    49, 
    50, 
    51, 
    52, 
    53, 
    56, 
    57, 
    58, 
    59, 
    60, 
    61, 
    62, 
    63, 
    64, 
    65, 
    68, 
    69, 
    70, 
    71, 
    72, 
    73, 
    74, 
    75, 
    76, 
    77, 
    78, 
    81, 
    82, 
    83, 
    84, 
    85, 
    86, 
    87, 
    88, 
    89, 
    92, 
    93, 
    94, 
    95, 
    96, 
    97, 
    98, 
    99, 
    100, 
    101, 
    104, 
    105, 
    106, 
    107, 
    108, 
    109, 
    110, 
    111, 
    112, 
    115, 
    116, 
    117, 
    118, 
    119, 
    120, 
    121, 
    122, 
    123, 
    124, 
    127, 
    128, 
    129, 
    130, 
    131, 
    132, 
    133, 
    134, 
    135, 
    138, 
    139, 
    140, 
    141, 
    142, 
    143, 
    144, 
    145, 
    146, 
    147, 
    150, 
    151, 
    152, 
    153, 
    154, 
    155, 
    156, 
    157, 
    158, 
    161, 
    162, 
    163, 
    164, 
    165, 
    166, 
    167, 
    168, 
    169, 
    170, 
    173, 
    174, 
    175, 
    176, 
    177, 
    178, 
    179, 
    180, 
    181, 
    182, 
    183, 
    186, 
    187, 
    188, 
    189, 
    190, 
    191, 
    192, 
    193, 
    194, 
    197, 
    198, 
    199, 
    200, 
    201, 
    202, 
    203, 
    204, 
    205, 
    206, 
    209, 
    210, 
    211, 
    212, 
    213, 
    214, 
    215, 
    216, 
    217, 
    220, 
    221, 
    222, 
    223, 
    224, 
    225, 
    226, 
    227, 
    228, 
    229
  ], 
  "heads": [[190, 0, 0]], 
  "attrs": {"mxnet_version": ["int", 10100]}
}